,precision,recall,f1-score,support
0,0.8420569329660239,0.8859903381642512,0.8634651600753296,1035.0
1,0.63125,0.5401069518716578,0.5821325648414986,374.0
accuracy,0.794180269694819,0.794180269694819,0.794180269694819,0.794180269694819
macro avg,0.736653466483012,0.7130486450179545,0.7227988624584141,1409.0
weighted avg,0.7861010827678032,0.794180269694819,0.7887892263510906,1409.0
