,LogisticRegression,RandomForest,XGBoost
ROC AUC,0.8402981218837996,0.8209951174145548,0.8178576041747397
