,precision,recall,f1-score,support
0,0.8237378210806023,0.8985507246376812,0.8595194085027726,1035.0
1,0.625,0.4679144385026738,0.5351681957186545,374.0
accuracy,0.7842441447835344,0.7842441447835344,0.7842441447835344,0.7842441447835344
macro avg,0.7243689105403012,0.6832325815701774,0.6973438021107136,1409.0
weighted avg,0.770985553455233,0.7842441447835344,0.773424764371289,1409.0
