,precision,recall,f1-score,support
0,0.8365831012070566,0.8705314009661835,0.853219696969697,1035.0
1,0.5963855421686747,0.5294117647058824,0.5609065155807366,374.0
accuracy,0.7799858055358411,0.7799858055358411,0.7799858055358411,0.7799858055358411
macro avg,0.7164843216878656,0.6999715828360329,0.7070631062752168,1409.0
weighted avg,0.7728259066858679,0.7799858055358411,0.7756291151105975,1409.0
